timestamp,car_id,distance_cm,current_a,rpm,pwm_command,mode
1790517076.141,car-01,51.94,0.127,0.0,0,idle
1790517076.191,car-01,49.3,0.143,0.0,0,idle
1790517076.241,car-01,48.59,0.144,0.0,0,idle
1790517076.291,car-01,48.6,0.128,0.0,0,idle
1790517076.341,car-01,44.83,0.124,0.0,0,idle
1790517076.391,car-01,50.94,0.112,0.0,0,idle
1790517076.441,car-01,54.4,0.106,0.0,0,idle
1790517076.491,car-01,45.73,0.117,0.0,0,idle
1790517076.541,car-01,46.55,0.112,0.0,0,idle
1790517076.591,car-01,49.12,0.126,0.0,0,idle
1790517076.641,car-01,49.96,0.111,0.0,0,idle
1790517076.691,car-01,46.34,0.104,0.0,0,idle
1790517076.741,car-01,46.02,0.123,0.0,0,idle
1790517076.791,car-01,50.51,0.123,0.0,0,idle
1790517076.841,car-01,45.56,0.118,0.0,0,idle
1790517076.891,car-01,53.17,0.109,0.0,0,idle
1790517076.941,car-01,50.97,0.125,0.0,0,idle
1790517076.991,car-01,51.84,0.114,0.0,0,idle
1790517077.041,car-01,47.48,0.135,0.0,0,idle
1790517077.091,car-01,52.93,0.115,0.0,0,idle
1790517077.141,car-01,46.68,0.113,0.0,0,idle
1790517077.191,car-01,54.07,0.102,0.0,0,idle
1790517077.241,car-01,51.08,0.119,0.0,0,idle
1790517077.291,car-01,54.61,0.11,0.0,0,idle
1790517077.341,car-01,42.14,0.119,0.0,0,idle
1790517077.391,car-01,49.1,0.132,0.0,0,idle
1790517077.441,car-01,49.34,0.121,0.0,0,idle
1790517077.491,car-01,48.45,0.125,0.0,0,idle
1790517077.541,car-01,52.75,0.108,0.0,0,idle
1790517077.591,car-01,51.54,0.125,0.0,0,idle
1790517077.641,car-01,47.89,0.121,0.0,0,idle
1790517077.691,car-01,45.61,0.115,0.0,0,idle
1790517077.741,car-01,50.02,0.124,0.0,0,idle
1790517077.791,car-01,48.74,0.116,0.0,0,idle
1790517077.841,car-01,49.52,0.115,0.0,0,idle
1790517077.891,car-01,50.52,0.126,0.0,0,idle
1790517077.941,car-01,44.24,0.124,0.0,0,idle
1790517077.991,car-01,57.39,0.12,0.0,0,idle
1790517078.041,car-01,49.9,0.117,0.0,0,idle
1790517078.091,car-01,52.26,0.102,0.0,0,idle
1790517078.141,car-01,54.21,0.132,0.0,0,idle
1790517078.191,car-01,56.57,0.099,0.0,0,idle
1790517078.241,car-01,50.3,0.105,0.0,0,idle
1790517078.291,car-01,50.21,0.112,0.0,0,idle
1790517078.341,car-01,47.24,0.104,0.0,0,idle
1790517078.391,car-01,49.03,0.143,0.0,0,idle
1790517078.441,car-01,50.68,0.132,0.0,0,idle
1790517078.491,car-01,50.55,0.14,0.0,0,idle
1790517078.541,car-01,46.29,0.124,0.0,0,idle
1790517078.591,car-01,50.89,0.1,0.0,0,idle
1790517078.641,car-01,82.96,0.86,126.6,100,forward
1790517078.691,car-01,82.86,0.859,126.3,100,forward
1790517078.741,car-01,81.43,0.925,127.1,100,forward
1790517078.791,car-01,87.36,0.876,120.6,100,forward
1790517078.841,car-01,87.89,0.896,121.3,100,forward
1790517078.891,car-01,90.69,0.867,128.7,100,forward
1790517078.941,car-01,82.33,0.84,121.6,100,forward
1790517078.991,car-01,86.02,0.817,124.7,100,forward
1790517079.041,car-01,85.04,0.861,128.7,100,forward
1790517079.091,car-01,93.16,0.908,123.8,100,forward
1790517079.141,car-01,81.79,0.875,121.1,100,forward
1790517079.191,car-01,87.14,0.869,124.0,100,forward
1790517079.241,car-01,82.46,0.869,124.7,100,forward
1790517079.291,car-01,87.57,0.789,123.0,100,forward
1790517079.341,car-01,85.52,0.859,119.4,100,forward
1790517079.391,car-01,85.46,0.865,121.0,100,forward
1790517079.441,car-01,86.07,0.852,119.9,100,forward
1790517079.491,car-01,88.16,0.872,129.9,100,forward
1790517079.541,car-01,86.55,0.795,120.8,100,forward
1790517079.591,car-01,96.56,0.871,127.3,100,forward
1790517079.641,car-01,87.86,0.873,130.1,100,forward
1790517079.691,car-01,87.28,0.876,123.6,100,forward
1790517079.741,car-01,83.54,0.819,123.9,100,forward
1790517079.791,car-01,79.4,0.853,135.4,100,forward
1790517079.841,car-01,83.58,0.877,117.7,100,forward
1790517079.891,car-01,81.77,0.894,125.3,100,forward
1790517079.941,car-01,82.81,0.821,128.1,100,forward
1790517079.991,car-01,83.05,0.859,125.2,100,forward
1790517080.041,car-01,78.92,0.936,127.9,100,forward
1790517080.091,car-01,87.56,0.857,122.0,100,forward
1790517080.141,car-01,86.51,0.818,124.5,100,forward
1790517080.191,car-01,84.0,0.885,119.6,100,forward
1790517080.241,car-01,90.3,0.831,122.1,100,forward
1790517080.291,car-01,87.75,0.866,119.3,100,forward
1790517080.341,car-01,80.44,0.935,129.6,100,forward
1790517080.391,car-01,82.88,0.831,130.7,100,forward
1790517080.441,car-01,82.22,0.868,128.5,100,forward
1790517080.491,car-01,81.93,0.848,110.4,100,forward
1790517080.541,car-01,89.9,0.84,119.4,100,forward
1790517080.591,car-01,85.39,0.793,123.0,100,forward
1790517080.641,car-01,88.49,0.908,118.5,100,forward
1790517080.691,car-01,86.39,0.85,120.6,100,forward
1790517080.741,car-01,85.21,0.858,122.3,100,forward
1790517080.791,car-01,86.99,0.835,125.5,100,forward
1790517080.841,car-01,91.4,0.913,119.4,100,forward
1790517080.891,car-01,86.76,0.772,124.3,100,forward
1790517080.941,car-01,84.38,0.861,122.2,100,forward
1790517080.991,car-01,87.55,0.83,122.3,100,forward
1790517081.041,car-01,87.7,0.864,121.9,100,forward
1790517081.091,car-01,86.89,0.862,128.7,100,forward
1790517081.141,car-01,82.24,1.2,206.6,150,forward
1790517081.191,car-01,80.35,1.287,209.9,150,forward
1790517081.241,car-01,81.64,1.327,206.5,150,forward
1790517081.291,car-01,83.3,1.238,208.7,150,forward
1790517081.341,car-01,83.92,1.3,214.9,150,forward
1790517081.391,car-01,79.07,1.251,214.1,150,forward
1790517081.441,car-01,80.29,1.269,209.2,150,forward
1790517081.491,car-01,86.28,1.286,205.1,150,forward
1790517081.541,car-01,83.47,1.19,202.7,150,forward
1790517081.591,car-01,81.89,1.297,213.7,150,forward
1790517081.641,car-01,80.23,1.249,204.6,150,forward
1790517081.691,car-01,79.56,1.209,215.9,150,forward
1790517081.741,car-01,81.24,1.2,208.1,150,forward
1790517081.791,car-01,80.73,1.216,205.1,150,forward
1790517081.841,car-01,78.59,1.265,207.0,150,forward
1790517081.891,car-01,75.78,1.264,201.3,150,forward
1790517081.941,car-01,80.93,1.207,208.7,150,forward
1790517081.991,car-01,79.52,1.339,215.1,150,forward
1790517082.041,car-01,79.94,1.249,204.0,150,forward
1790517082.091,car-01,77.52,1.233,211.9,150,forward
1790517082.141,car-01,79.67,1.281,219.2,150,forward
1790517082.191,car-01,78.8,1.274,214.1,150,forward
1790517082.241,car-01,80.29,1.263,210.1,150,forward
1790517082.291,car-01,81.49,1.204,210.1,150,forward
1790517082.341,car-01,86.46,1.337,215.8,150,forward
1790517082.391,car-01,80.55,1.204,215.2,150,forward
1790517082.441,car-01,77.48,1.381,205.2,150,forward
1790517082.491,car-01,78.42,1.214,197.3,150,forward
1790517082.541,car-01,81.03,1.204,210.9,150,forward
1790517082.591,car-01,78.27,1.363,215.7,150,forward
1790517082.641,car-01,76.04,1.196,213.0,150,forward
1790517082.691,car-01,78.59,1.36,217.1,150,forward
1790517082.741,car-01,79.66,1.147,218.1,150,forward
1790517082.791,car-01,78.2,1.324,200.4,150,forward
1790517082.841,car-01,78.65,1.25,210.3,150,forward
1790517082.891,car-01,79.57,1.287,203.6,150,forward
1790517082.941,car-01,82.13,1.257,213.1,150,forward
1790517082.991,car-01,83.83,1.183,200.8,150,forward
1790517083.041,car-01,84.65,1.27,205.5,150,forward
1790517083.091,car-01,80.2,1.257,217.1,150,forward
1790517083.141,car-01,79.25,1.374,220.5,150,forward
1790517083.191,car-01,84.11,1.308,213.9,150,forward
1790517083.241,car-01,83.18,1.192,214.1,150,forward
1790517083.291,car-01,73.88,1.144,202.9,150,forward
1790517083.341,car-01,84.51,1.234,214.3,150,forward
1790517083.391,car-01,75.86,1.254,219.8,150,forward
1790517083.441,car-01,81.15,1.148,209.7,150,forward
1790517083.491,car-01,79.73,1.248,197.6,150,forward
1790517083.541,car-01,81.1,1.172,214.0,150,forward
1790517083.591,car-01,76.82,1.194,206.9,150,forward
1790517083.641,car-01,72.04,1.745,312.6,200,forward
1790517083.691,car-01,72.62,1.79,300.8,200,forward
1790517083.741,car-01,73.34,1.741,296.7,200,forward
1790517083.791,car-01,75.11,1.654,320.7,200,forward
1790517083.841,car-01,74.66,1.694,306.7,200,forward
1790517083.891,car-01,77.27,1.732,309.9,200,forward
1790517083.941,car-01,74.17,1.708,300.4,200,forward
1790517083.991,car-01,79.1,1.566,292.9,200,forward
1790517084.041,car-01,76.73,1.882,303.0,200,forward
1790517084.091,car-01,78.36,1.775,329.6,200,forward
1790517084.141,car-01,70.18,1.74,297.4,200,forward
1790517084.191,car-01,70.73,1.766,298.9,200,forward
1790517084.241,car-01,80.06,1.698,296.3,200,forward
1790517084.291,car-01,79.44,1.821,304.9,200,forward
1790517084.341,car-01,79.57,1.756,298.1,200,forward
1790517084.391,car-01,74.43,1.793,296.7,200,forward
1790517084.441,car-01,77.78,1.68,293.9,200,forward
1790517084.491,car-01,76.69,1.903,293.8,200,forward
1790517084.541,car-01,73.22,1.698,301.1,200,forward
1790517084.591,car-01,72.51,1.681,305.4,200,forward
1790517084.641,car-01,74.28,1.772,304.6,200,forward
1790517084.691,car-01,77.27,1.677,300.4,200,forward
1790517084.741,car-01,75.3,1.79,297.2,200,forward
1790517084.791,car-01,76.63,1.81,291.6,200,forward
1790517084.841,car-01,72.71,1.697,309.6,200,forward
1790517084.891,car-01,75.14,1.606,292.0,200,forward
1790517084.941,car-01,76.92,1.771,297.8,200,forward
1790517084.991,car-01,71.37,1.617,304.5,200,forward
1790517085.041,car-01,72.42,1.698,305.4,200,forward
1790517085.091,car-01,73.27,1.719,313.1,200,forward
1790517085.141,car-01,76.59,1.817,296.0,200,forward
1790517085.191,car-01,72.61,1.865,285.2,200,forward
1790517085.241,car-01,76.11,1.796,303.4,200,forward
1790517085.291,car-01,74.53,1.702,305.7,200,forward
1790517085.341,car-01,76.01,1.843,307.0,200,forward
1790517085.391,car-01,73.7,1.717,301.1,200,forward
1790517085.441,car-01,75.87,1.782,301.6,200,forward
1790517085.491,car-01,74.02,1.916,312.0,200,forward
1790517085.541,car-01,68.89,1.846,301.7,200,forward
1790517085.591,car-01,73.95,1.669,290.0,200,forward
1790517085.641,car-01,75.98,1.751,318.4,200,forward
1790517085.691,car-01,68.37,1.732,311.6,200,forward
1790517085.741,car-01,70.56,1.769,311.2,200,forward
1790517085.791,car-01,73.75,1.842,307.7,200,forward
1790517085.841,car-01,75.55,1.801,323.2,200,forward
1790517085.891,car-01,72.45,1.77,301.3,200,forward
1790517085.941,car-01,75.21,1.816,298.2,200,forward
1790517085.991,car-01,76.0,1.712,308.8,200,forward
1790517086.041,car-01,74.19,1.833,300.9,200,forward
1790517086.091,car-01,76.13,1.672,301.4,200,forward
1790517086.141,car-01,62.61,1.088,100.4,100,turning_left
1790517086.191,car-01,65.63,1.118,107.1,100,turning_left
1790517086.241,car-01,54.66,1.011,98.8,100,turning_left
1790517086.291,car-01,59.83,1.125,108.3,100,turning_left
1790517086.341,car-01,67.34,1.064,99.4,100,turning_left
1790517086.391,car-01,62.18,1.056,105.5,100,turning_left
1790517086.441,car-01,57.63,1.074,106.1,100,turning_left
1790517086.491,car-01,64.04,1.074,114.4,100,turning_left
1790517086.541,car-01,57.03,1.13,102.4,100,turning_left
1790517086.591,car-01,63.28,1.044,105.3,100,turning_left
1790517086.641,car-01,59.53,0.965,112.6,100,turning_left
1790517086.691,car-01,55.04,1.029,99.9,100,turning_left
1790517086.741,car-01,56.13,1.091,105.4,100,turning_left
1790517086.791,car-01,65.01,0.985,103.3,100,turning_left
1790517086.841,car-01,59.26,1.037,97.5,100,turning_left
1790517086.891,car-01,59.84,1.036,91.5,100,turning_left
1790517086.941,car-01,65.55,1.038,108.5,100,turning_left
1790517086.991,car-01,56.68,1.106,103.7,100,turning_left
1790517087.041,car-01,60.04,1.179,105.3,100,turning_left
1790517087.091,car-01,59.57,1.049,106.0,100,turning_left
1790517087.141,car-01,59.9,1.021,102.3,100,turning_left
1790517087.191,car-01,60.32,1.023,101.4,100,turning_left
1790517087.241,car-01,52.05,1.037,112.5,100,turning_left
1790517087.291,car-01,53.78,1.105,111.2,100,turning_left
1790517087.341,car-01,55.78,1.033,103.1,100,turning_left
1790517087.391,car-01,65.26,1.011,99.4,100,turning_left
1790517087.441,car-01,62.17,1.097,111.4,100,turning_left
1790517087.491,car-01,61.47,0.994,102.4,100,turning_left
1790517087.541,car-01,59.28,0.989,108.6,100,turning_left
1790517087.591,car-01,61.33,1.031,108.6,100,turning_left
1790517087.641,car-01,56.76,1.032,110.8,100,turning_left
1790517087.691,car-01,59.07,1.081,108.0,100,turning_left
1790517087.741,car-01,62.77,1.066,98.7,100,turning_left
1790517087.791,car-01,63.15,1.041,102.4,100,turning_left
1790517087.841,car-01,55.33,1.015,98.0,100,turning_left
1790517087.891,car-01,65.26,1.08,98.6,100,turning_left
1790517087.941,car-01,60.63,0.946,113.5,100,turning_left
1790517087.991,car-01,61.2,1.045,102.3,100,turning_left
1790517088.041,car-01,60.34,1.048,110.5,100,turning_left
1790517088.091,car-01,59.83,1.058,103.2,100,turning_left
1790517088.141,car-01,55.96,1.065,96.4,100,turning_left
1790517088.191,car-01,59.45,1.087,105.9,100,turning_left
1790517088.241,car-01,58.38,1.051,106.7,100,turning_left
1790517088.291,car-01,57.06,1.011,106.0,100,turning_left
1790517088.341,car-01,63.09,1.07,96.5,100,turning_left
1790517088.391,car-01,62.95,1.074,106.3,100,turning_left
1790517088.441,car-01,54.48,1.133,110.1,100,turning_left
1790517088.491,car-01,60.08,0.986,101.9,100,turning_left
1790517088.541,car-01,60.56,1.076,101.4,100,turning_left
1790517088.591,car-01,55.78,1.012,101.9,100,turning_left
1790517088.641,car-01,52.07,1.435,170.5,150,turning_left
1790517088.691,car-01,62.9,1.574,173.4,150,turning_left
1790517088.741,car-01,52.42,1.535,181.3,150,turning_left
1790517088.791,car-01,55.37,1.549,176.0,150,turning_left
1790517088.841,car-01,58.45,1.679,179.3,150,turning_left
1790517088.891,car-01,60.31,1.451,179.8,150,turning_left
1790517088.941,car-01,57.12,1.456,192.7,150,turning_left
1790517088.991,car-01,57.92,1.461,184.4,150,turning_left
1790517089.041,car-01,52.82,1.544,169.0,150,turning_left
1790517089.091,car-01,56.86,1.483,179.5,150,turning_left
1790517089.141,car-01,56.14,1.512,170.7,150,turning_left
1790517089.191,car-01,58.24,1.543,183.9,150,turning_left
1790517089.241,car-01,54.79,1.558,183.2,150,turning_left
1790517089.291,car-01,55.62,1.384,183.0,150,turning_left
1790517089.341,car-01,51.76,1.519,171.1,150,turning_left
1790517089.391,car-01,57.04,1.574,179.7,150,turning_left
1790517089.441,car-01,57.81,1.502,180.2,150,turning_left
1790517089.491,car-01,53.61,1.464,180.7,150,turning_left
1790517089.541,car-01,55.67,1.47,177.8,150,turning_left
1790517089.591,car-01,52.32,1.466,188.8,150,turning_left
1790517089.641,car-01,59.34,1.487,176.9,150,turning_left
1790517089.691,car-01,50.54,1.514,187.2,150,turning_left
1790517089.741,car-01,55.25,1.519,186.2,150,turning_left
1790517089.791,car-01,59.23,1.575,176.4,150,turning_left
1790517089.841,car-01,53.66,1.661,177.5,150,turning_left
1790517089.891,car-01,53.43,1.602,191.1,150,turning_left
1790517089.941,car-01,50.97,1.471,178.0,150,turning_left
1790517089.991,car-01,52.7,1.436,173.0,150,turning_left
1790517090.041,car-01,59.65,1.498,181.6,150,turning_left
1790517090.091,car-01,54.36,1.43,186.9,150,turning_left
1790517090.141,car-01,51.63,1.497,184.7,150,turning_left
1790517090.191,car-01,56.48,1.527,181.2,150,turning_left
1790517090.241,car-01,53.09,1.52,197.2,150,turning_left
1790517090.291,car-01,53.33,1.463,175.6,150,turning_left
1790517090.341,car-01,59.26,1.455,188.3,150,turning_left
1790517090.391,car-01,56.41,1.46,174.2,150,turning_left
1790517090.441,car-01,55.61,1.461,184.4,150,turning_left
1790517090.491,car-01,60.39,1.394,190.8,150,turning_left
1790517090.541,car-01,55.86,1.457,177.3,150,turning_left
1790517090.591,car-01,61.03,1.523,184.6,150,turning_left
1790517090.641,car-01,50.86,1.488,174.4,150,turning_left
1790517090.691,car-01,60.38,1.449,179.8,150,turning_left
1790517090.741,car-01,54.95,1.464,181.6,150,turning_left
1790517090.791,car-01,53.41,1.583,197.7,150,turning_left
1790517090.841,car-01,57.05,1.466,187.3,150,turning_left
1790517090.891,car-01,53.92,1.629,184.1,150,turning_left
1790517090.941,car-01,57.46,1.541,187.8,150,turning_left
1790517090.991,car-01,58.51,1.536,187.5,150,turning_left
1790517091.041,car-01,54.5,1.597,184.5,150,turning_left
1790517091.091,car-01,52.55,1.51,188.4,150,turning_left
1790517091.141,car-01,50.09,2.133,261.5,200,turning_left
1790517091.191,car-01,50.14,2.215,266.7,200,turning_left
1790517091.241,car-01,51.94,1.978,271.7,200,turning_left
1790517091.291,car-01,50.66,2.295,262.2,200,turning_left
1790517091.341,car-01,49.71,2.122,279.2,200,turning_left
1790517091.391,car-01,50.56,2.125,270.5,200,turning_left
1790517091.441,car-01,53.22,2.06,266.7,200,turning_left
1790517091.491,car-01,47.9,2.008,266.2,200,turning_left
1790517091.541,car-01,48.32,2.208,251.3,200,turning_left
1790517091.591,car-01,49.8,2.134,279.1,200,turning_left
1790517091.641,car-01,45.66,2.05,281.9,200,turning_left
1790517091.691,car-01,48.49,1.902,269.0,200,turning_left
1790517091.741,car-01,50.73,2.008,271.4,200,turning_left
1790517091.791,car-01,52.62,2.049,253.5,200,turning_left
1790517091.841,car-01,55.54,2.159,264.1,200,turning_left
1790517091.891,car-01,47.92,2.004,251.3,200,turning_left
1790517091.941,car-01,49.28,2.096,267.2,200,turning_left
1790517091.991,car-01,54.33,2.132,253.7,200,turning_left
1790517092.041,car-01,51.03,2.093,275.1,200,turning_left
1790517092.091,car-01,51.34,2.141,270.1,200,turning_left
1790517092.141,car-01,50.59,2.158,277.0,200,turning_left
1790517092.191,car-01,54.32,2.164,264.2,200,turning_left
1790517092.241,car-01,49.88,2.039,281.2,200,turning_left
1790517092.291,car-01,47.96,1.971,266.2,200,turning_left
1790517092.341,car-01,48.66,2.176,259.1,200,turning_left
1790517092.391,car-01,42.73,1.93,260.9,200,turning_left
1790517092.441,car-01,52.36,1.957,271.8,200,turning_left
1790517092.491,car-01,49.86,2.138,256.3,200,turning_left
1790517092.541,car-01,54.51,2.1,254.6,200,turning_left
1790517092.591,car-01,50.08,2.179,263.0,200,turning_left
1790517092.641,car-01,49.26,2.119,246.6,200,turning_left
1790517092.691,car-01,49.16,2.039,256.0,200,turning_left
1790517092.741,car-01,48.29,2.262,270.8,200,turning_left
1790517092.791,car-01,52.77,2.152,277.6,200,turning_left
1790517092.841,car-01,52.09,2.105,259.2,200,turning_left
1790517092.891,car-01,51.91,2.135,273.1,200,turning_left
1790517092.941,car-01,53.95,2.194,260.2,200,turning_left
1790517092.991,car-01,47.93,2.118,283.7,200,turning_left
1790517093.041,car-01,48.05,2.256,266.8,200,turning_left
1790517093.091,car-01,51.27,2.056,262.1,200,turning_left
1790517093.141,car-01,49.93,2.147,259.8,200,turning_left
1790517093.191,car-01,51.31,2.293,280.5,200,turning_left
1790517093.241,car-01,51.84,2.103,266.1,200,turning_left
1790517093.291,car-01,44.99,2.008,262.7,200,turning_left
1790517093.341,car-01,48.55,2.136,270.8,200,turning_left
1790517093.391,car-01,45.61,2.242,254.0,200,turning_left
1790517093.441,car-01,55.05,2.12,274.4,200,turning_left
1790517093.491,car-01,49.88,2.059,274.7,200,turning_left
1790517093.541,car-01,51.96,2.084,273.0,200,turning_left
1790517093.591,car-01,54.14,1.958,278.3,200,turning_left
1790517093.641,car-01,61.48,1.019,107.0,100,turning_right
1790517093.691,car-01,57.99,1.063,102.2,100,turning_right
1790517093.741,car-01,61.63,1.049,110.9,100,turning_right
1790517093.791,car-01,51.45,1.031,108.9,100,turning_right
1790517093.841,car-01,58.91,1.107,96.3,100,turning_right
1790517093.891,car-01,63.48,0.994,98.5,100,turning_right
1790517093.941,car-01,59.86,1.027,106.7,100,turning_right
1790517093.991,car-01,56.15,1.074,105.4,100,turning_right
1790517094.041,car-01,55.33,1.1,102.5,100,turning_right
1790517094.091,car-01,62.55,1.029,112.5,100,turning_right
1790517094.141,car-01,59.04,1.033,103.3,100,turning_right
1790517094.191,car-01,61.29,1.154,106.9,100,turning_right
1790517094.241,car-01,59.22,1.102,106.2,100,turning_right
1790517094.291,car-01,59.89,1.04,104.6,100,turning_right
1790517094.341,car-01,62.2,1.086,105.3,100,turning_right
1790517094.391,car-01,54.01,1.046,105.4,100,turning_right
1790517094.441,car-01,62.99,1.096,106.7,100,turning_right
1790517094.491,car-01,59.58,0.905,115.4,100,turning_right
1790517094.541,car-01,61.84,1.105,99.8,100,turning_right
1790517094.591,car-01,65.74,0.997,101.9,100,turning_right
1790517094.641,car-01,62.61,1.04,106.1,100,turning_right
1790517094.691,car-01,61.09,1.075,105.8,100,turning_right
1790517094.741,car-01,60.6,1.17,104.7,100,turning_right
1790517094.791,car-01,63.56,1.103,110.5,100,turning_right
1790517094.841,car-01,64.9,1.082,99.3,100,turning_right
1790517094.891,car-01,57.74,0.993,106.5,100,turning_right
1790517094.941,car-01,60.96,1.047,106.6,100,turning_right
1790517094.991,car-01,61.36,1.071,113.1,100,turning_right
1790517095.041,car-01,63.57,1.038,109.8,100,turning_right
1790517095.091,car-01,62.1,0.989,108.0,100,turning_right
1790517095.141,car-01,59.55,1.035,111.9,100,turning_right
1790517095.191,car-01,60.05,1.056,104.1,100,turning_right
1790517095.241,car-01,64.78,0.995,97.8,100,turning_right
1790517095.291,car-01,53.54,1.008,100.0,100,turning_right
1790517095.341,car-01,64.93,1.018,98.4,100,turning_right
1790517095.391,car-01,66.76,1.1,101.6,100,turning_right
1790517095.441,car-01,52.5,1.099,103.4,100,turning_right
1790517095.491,car-01,55.06,1.165,98.1,100,turning_right
1790517095.541,car-01,64.15,1.101,117.2,100,turning_right
1790517095.591,car-01,62.56,1.078,108.0,100,turning_right
1790517095.641,car-01,60.31,1.088,106.4,100,turning_right
1790517095.691,car-01,59.16,1.047,101.2,100,turning_right
1790517095.741,car-01,57.03,0.965,104.5,100,turning_right
1790517095.791,car-01,64.18,0.995,105.9,100,turning_right
1790517095.841,car-01,57.03,1.096,97.1,100,turning_right
1790517095.891,car-01,59.33,1.097,100.1,100,turning_right
1790517095.941,car-01,60.32,1.078,100.2,100,turning_right
1790517095.991,car-01,60.96,0.983,102.0,100,turning_right
1790517096.041,car-01,59.94,0.97,107.2,100,turning_right
1790517096.091,car-01,64.09,1.078,106.1,100,turning_right
1790517096.141,car-01,55.37,1.509,177.0,150,turning_right
1790517096.191,car-01,55.12,1.538,180.3,150,turning_right
1790517096.241,car-01,50.79,1.451,175.4,150,turning_right
1790517096.291,car-01,52.92,1.622,171.3,150,turning_right
1790517096.341,car-01,54.12,1.45,186.3,150,turning_right
1790517096.391,car-01,55.84,1.587,175.3,150,turning_right
1790517096.441,car-01,51.44,1.442,195.0,150,turning_right
1790517096.491,car-01,56.24,1.522,184.4,150,turning_right
1790517096.541,car-01,55.13,1.487,179.1,150,turning_right
1790517096.591,car-01,61.63,1.49,186.7,150,turning_right
1790517096.641,car-01,54.74,1.461,170.4,150,turning_right
1790517096.691,car-01,59.92,1.681,174.4,150,turning_right
1790517096.741,car-01,56.71,1.617,176.1,150,turning_right
1790517096.791,car-01,54.39,1.614,177.3,150,turning_right
1790517096.841,car-01,53.05,1.459,172.9,150,turning_right
1790517096.891,car-01,52.69,1.414,180.2,150,turning_right
1790517096.941,car-01,55.99,1.516,169.1,150,turning_right
1790517096.991,car-01,56.12,1.558,166.0,150,turning_right
1790517097.041,car-01,60.02,1.586,171.5,150,turning_right
1790517097.091,car-01,54.83,1.529,175.1,150,turning_right
1790517097.141,car-01,56.62,1.539,180.5,150,turning_right
1790517097.191,car-01,50.76,1.436,181.2,150,turning_right
1790517097.241,car-01,52.79,1.492,173.7,150,turning_right
1790517097.291,car-01,56.83,1.587,187.6,150,turning_right
1790517097.341,car-01,58.64,1.424,177.8,150,turning_right
1790517097.391,car-01,56.18,1.51,196.2,150,turning_right
1790517097.441,car-01,55.4,1.513,177.8,150,turning_right
1790517097.491,car-01,57.87,1.489,185.0,150,turning_right
1790517097.541,car-01,49.49,1.445,170.7,150,turning_right
1790517097.591,car-01,48.54,1.536,172.3,150,turning_right
1790517097.641,car-01,54.98,1.527,197.5,150,turning_right
1790517097.691,car-01,54.7,1.559,180.6,150,turning_right
1790517097.741,car-01,55.8,1.564,178.0,150,turning_right
1790517097.791,car-01,57.98,1.523,175.3,150,turning_right
1790517097.841,car-01,56.61,1.488,174.7,150,turning_right
1790517097.891,car-01,54.97,1.437,180.2,150,turning_right
1790517097.941,car-01,54.92,1.576,183.3,150,turning_right
1790517097.991,car-01,56.67,1.557,189.7,150,turning_right
1790517098.041,car-01,51.8,1.501,170.8,150,turning_right
1790517098.091,car-01,54.44,1.479,175.7,150,turning_right
1790517098.141,car-01,54.79,1.504,183.7,150,turning_right
1790517098.191,car-01,49.07,1.534,180.5,150,turning_right
1790517098.241,car-01,51.37,1.434,179.0,150,turning_right
1790517098.291,car-01,58.66,1.542,190.7,150,turning_right
1790517098.341,car-01,55.45,1.485,190.4,150,turning_right
1790517098.391,car-01,54.09,1.476,175.7,150,turning_right
1790517098.441,car-01,55.48,1.473,181.2,150,turning_right
1790517098.491,car-01,58.57,1.5,183.1,150,turning_right
1790517098.541,car-01,47.34,1.566,169.6,150,turning_right
1790517098.591,car-01,54.33,1.565,170.4,150,turning_right
1790517098.641,car-01,51.62,1.995,248.8,200,turning_right
1790517098.691,car-01,42.23,2.168,259.8,200,turning_right
1790517098.741,car-01,45.56,2.051,268.5,200,turning_right
1790517098.791,car-01,51.74,2.117,264.9,200,turning_right
1790517098.841,car-01,53.59,2.111,256.2,200,turning_right
1790517098.891,car-01,47.2,2.086,264.8,200,turning_right
1790517098.941,car-01,49.48,2.06,257.0,200,turning_right
1790517098.991,car-01,45.16,2.254,252.7,200,turning_right
1790517099.041,car-01,47.99,2.232,263.1,200,turning_right
1790517099.091,car-01,55.48,2.194,259.5,200,turning_right
1790517099.141,car-01,56.47,2.161,260.6,200,turning_right
1790517099.191,car-01,50.9,2.045,271.7,200,turning_right
1790517099.241,car-01,50.1,2.217,279.1,200,turning_right
1790517099.291,car-01,47.97,2.032,269.1,200,turning_right
1790517099.341,car-01,48.9,2.281,266.2,200,turning_right
1790517099.391,car-01,47.09,2.117,252.9,200,turning_right
1790517099.441,car-01,46.86,2.208,259.1,200,turning_right
1790517099.491,car-01,52.16,2.148,275.7,200,turning_right
1790517099.541,car-01,45.73,2.19,258.2,200,turning_right
1790517099.591,car-01,49.25,2.235,262.1,200,turning_right
1790517099.641,car-01,51.37,2.22,270.0,200,turning_right
1790517099.691,car-01,52.78,2.295,259.2,200,turning_right
1790517099.741,car-01,54.59,2.105,267.4,200,turning_right
1790517099.791,car-01,53.22,2.146,269.8,200,turning_right
1790517099.841,car-01,46.87,2.067,257.4,200,turning_right
1790517099.891,car-01,46.69,1.923,283.5,200,turning_right
1790517099.941,car-01,50.92,2.08,262.5,200,turning_right
1790517099.991,car-01,48.25,2.173,272.7,200,turning_right
1790517100.041,car-01,49.25,2.085,267.5,200,turning_right
1790517100.091,car-01,52.2,2.245,269.4,200,turning_right
1790517100.141,car-01,50.54,2.16,275.6,200,turning_right
1790517100.191,car-01,48.05,1.983,268.6,200,turning_right
1790517100.241,car-01,53.71,2.052,270.3,200,turning_right
1790517100.291,car-01,55.11,2.102,267.8,200,turning_right
1790517100.341,car-01,51.7,2.122,288.4,200,turning_right
1790517100.391,car-01,51.14,1.942,271.8,200,turning_right
1790517100.441,car-01,49.58,2.216,271.1,200,turning_right
1790517100.491,car-01,47.45,1.99,263.1,200,turning_right
1790517100.541,car-01,55.01,2.048,270.3,200,turning_right
1790517100.591,car-01,51.33,2.136,254.2,200,turning_right
1790517100.641,car-01,49.6,2.208,259.5,200,turning_right
1790517100.691,car-01,51.94,2.101,257.9,200,turning_right
1790517100.741,car-01,47.34,2.089,268.8,200,turning_right
1790517100.791,car-01,48.88,2.061,271.5,200,turning_right
1790517100.841,car-01,50.67,2.255,261.4,200,turning_right
1790517100.891,car-01,44.72,2.184,252.2,200,turning_right
1790517100.941,car-01,48.34,1.963,276.4,200,turning_right
1790517100.991,car-01,50.55,2.33,259.9,200,turning_right
1790517101.041,car-01,56.18,2.239,283.1,200,turning_right
1790517101.091,car-01,51.78,2.209,274.2,200,turning_right
1790517101.141,car-01,42.55,0.712,12.8,0,braking
1790517101.191,car-01,43.64,0.65,14.3,0,braking
1790517101.241,car-01,45.27,0.706,18.8,0,braking
1790517101.291,car-01,44.42,0.768,10.4,0,braking
1790517101.341,car-01,44.75,0.593,7.5,0,braking
1790517101.391,car-01,46.89,0.64,21.1,0,braking
1790517101.441,car-01,48.66,0.568,22.4,0,braking
1790517101.491,car-01,42.12,0.697,14.1,0,braking
1790517101.541,car-01,50.65,0.62,19.4,0,braking
1790517101.591,car-01,41.64,0.773,13.0,0,braking
1790517101.641,car-01,45.97,0.661,7.9,0,braking
1790517101.691,car-01,40.22,0.638,13.1,0,braking
1790517101.741,car-01,41.49,0.691,12.9,0,braking
1790517101.791,car-01,50.32,0.42,14.9,0,braking
1790517101.841,car-01,43.19,0.783,13.2,0,braking
1790517101.891,car-01,45.91,0.688,11.0,0,braking
1790517101.941,car-01,44.7,0.711,19.9,0,braking
1790517101.991,car-01,42.52,0.634,11.5,0,braking
1790517102.041,car-01,47.74,0.632,16.5,0,braking
1790517102.091,car-01,44.19,0.586,21.0,0,braking
1790517102.141,car-01,37.73,0.648,12.0,0,braking
1790517102.191,car-01,44.16,0.721,17.9,0,braking
1790517102.241,car-01,40.31,0.655,17.1,0,braking
1790517102.291,car-01,41.24,0.608,18.2,0,braking
1790517102.341,car-01,46.4,0.673,9.6,0,braking
1790517102.391,car-01,48.49,0.647,8.5,0,braking
1790517102.441,car-01,45.6,0.591,11.8,0,braking
1790517102.491,car-01,45.19,0.742,10.9,0,braking
1790517102.541,car-01,45.53,0.684,17.8,0,braking
1790517102.591,car-01,45.26,0.621,11.7,0,braking
1790517102.641,car-01,46.31,0.564,3.3,0,braking
1790517102.691,car-01,41.97,0.722,5.5,0,braking
1790517102.741,car-01,45.06,0.7,23.2,0,braking
1790517102.791,car-01,49.12,0.592,14.3,0,braking
1790517102.841,car-01,43.55,0.598,11.8,0,braking
1790517102.891,car-01,49.87,0.574,15.5,0,braking
1790517102.941,car-01,44.12,0.676,14.0,0,braking
1790517102.991,car-01,44.77,0.525,18.5,0,braking
1790517103.041,car-01,45.9,0.636,27.8,0,braking
1790517103.091,car-01,48.45,0.59,13.3,0,braking
1790517103.141,car-01,47.76,0.659,9.2,0,braking
1790517103.191,car-01,48.24,0.597,22.5,0,braking
1790517103.241,car-01,45.2,0.614,20.1,0,braking
1790517103.291,car-01,42.46,0.718,16.9,0,braking
1790517103.341,car-01,44.0,0.599,19.1,0,braking
1790517103.391,car-01,46.27,0.618,11.2,0,braking
1790517103.441,car-01,45.07,0.815,10.7,0,braking
1790517103.491,car-01,46.36,0.763,14.7,0,braking
1790517103.541,car-01,44.44,0.565,16.7,0,braking
1790517103.591,car-01,52.77,0.729,19.7,0,braking
1790517103.641,car-01,40.58,1.408,42.6,50,braking
1790517103.691,car-01,39.11,1.315,42.7,50,braking
1790517103.741,car-01,36.98,1.367,50.5,50,braking
1790517103.791,car-01,39.65,1.464,50.5,50,braking
1790517103.841,car-01,43.89,1.138,35.1,50,braking
1790517103.891,car-01,38.49,1.348,32.0,50,braking
1790517103.941,car-01,39.28,1.434,44.4,50,braking
1790517103.991,car-01,37.23,1.313,36.9,50,braking
1790517104.041,car-01,43.65,1.512,37.4,50,braking
1790517104.091,car-01,38.71,1.502,48.0,50,braking
1790517104.141,car-01,37.29,1.39,39.8,50,braking
1790517104.191,car-01,43.56,1.382,30.6,50,braking
1790517104.241,car-01,40.85,1.304,41.6,50,braking
1790517104.291,car-01,38.58,1.324,44.7,50,braking
1790517104.341,car-01,40.38,1.437,29.2,50,braking
1790517104.391,car-01,37.97,1.544,32.0,50,braking
1790517104.441,car-01,41.05,1.401,41.4,50,braking
1790517104.491,car-01,43.33,1.399,45.1,50,braking
1790517104.541,car-01,42.02,1.391,38.1,50,braking
1790517104.591,car-01,37.08,1.54,38.9,50,braking
1790517104.641,car-01,33.48,1.461,39.0,50,braking
1790517104.691,car-01,39.73,1.435,35.7,50,braking
1790517104.741,car-01,42.13,1.383,41.5,50,braking
1790517104.791,car-01,39.22,1.306,44.1,50,braking
1790517104.841,car-01,37.19,1.424,44.9,50,braking
1790517104.891,car-01,42.42,1.459,35.7,50,braking
1790517104.941,car-01,39.33,1.387,54.7,50,braking
1790517104.991,car-01,39.09,1.315,39.8,50,braking
1790517105.041,car-01,36.84,1.43,27.1,50,braking
1790517105.091,car-01,45.13,1.243,47.6,50,braking
1790517105.141,car-01,40.21,1.34,38.6,50,braking
1790517105.191,car-01,40.72,1.466,32.6,50,braking
1790517105.241,car-01,40.57,1.448,44.0,50,braking
1790517105.291,car-01,42.03,1.45,18.4,50,braking
1790517105.341,car-01,41.53,1.285,25.4,50,braking
1790517105.391,car-01,42.86,1.487,38.9,50,braking
1790517105.441,car-01,44.92,1.511,50.5,50,braking
1790517105.491,car-01,35.19,1.424,40.6,50,braking
1790517105.541,car-01,46.51,1.325,33.3,50,braking
1790517105.591,car-01,41.65,1.332,41.0,50,braking
1790517105.641,car-01,38.13,1.354,53.6,50,braking
1790517105.691,car-01,36.04,1.369,34.1,50,braking
1790517105.741,car-01,38.71,1.289,39.7,50,braking
1790517105.791,car-01,39.75,1.281,28.7,50,braking
1790517105.841,car-01,40.25,1.2,46.1,50,braking
1790517105.891,car-01,37.74,1.204,37.5,50,braking
1790517105.941,car-01,34.37,1.382,50.7,50,braking
1790517105.991,car-01,42.01,1.362,38.7,50,braking
1790517106.041,car-01,39.04,1.371,34.0,50,braking
1790517106.091,car-01,40.06,1.27,48.6,50,braking
